internereferentie,sku,title,description,price,stock,image 1_link,image 2_link,image 3_link,image 4_link,image 5_link,brand,ean,delivery_time
BOL2-MJ-K0297-250618-01,BOL2-MJ-K0297-250618-01,"Snelle eierkoker, elektrische eierkoker met automatische uitschakeling, gekookte eieren, pocheerder, omeletmaker, anti-droogbrand eierpocheerder (roze)","<p>¡¾Capaciteit voor zeven eieren¡¿ De elektrische eierkoker kan tot wel 7 eieren tegelijk koken, zowel zacht- als hardgekookt, en bespaart daarmee tijd en water. De snelle eierkoker is voorzien van een maatbeker om de hoeveelheid water te regelen. Voeg water
toe op basis van het waterniveau in de maatbeker om eieren tot verschillende gaarheidsniveaus te koken.</p>
<p>¡¾Automatische uitschakeling¡¿ Anti-droogbrand, automatische uitschakeling. Wanneer het water opraakt of de temperatuur van de verwarmingsplaat te hoog is, schakelt het lampje automatisch uit, veilig en betrouwbaar. De eierpocheerder is gemaakt van hoogwaardig
polypropyleen en roestvrij staal, wat veilig en duurzaam is. Eieren komen altijd perfect uit de eierkoker met een gemakkelijk te pellen schaal, en schoonmaken is een fluitje van een cent. ¡¾Lichtgewicht ontwerp¡¿ De eierkoker heeft een schattig kipvormig
ontwerp om een ??vleugje schattigheid en natuur aan je huis toe te voegen. Compact en lichtgewicht, past hij gemakkelijk in lades voor opslag of gewoon op het aanrecht als een leuk en kleurrijk accent in elke keuken.</p>
<p>¡¾Veelzijdig¡¿ De kippeneierkoker wordt gebruikt om eieren en diverse gerechten in bakjes te stomen. Hardgekookte eieren, zachtgekookte eieren, gepocheerde eieren, roerei, individuele omeletten, en dit alles in slechts een paar minuten na het indrukken
van de startknop. Het is een alles-in-¨¦¨¦n eierkoker, groentestomer, voedselstomer en meer!</p>",25.39 ,100 ,https://m.media-amazon.com/images/I/51CT+h-ya0L._AC_SL1500_.jpg,https://m.media-amazon.com/images/I/71mYLoPHxJL._AC_SL1500_.jpg,https://m.media-amazon.com/images/I/71UAukpbJnL._AC_SL1500_.jpg,https://m.media-amazon.com/images/I/61hU+Xt6j7L._AC_SL1500_.jpg,https://m.media-amazon.com/images/I/61f06WPr3OL._AC_SL1500_.jpg,Merkloos,8410900587044,4-8d
BOL2-MJ-K0297-250618-02,BOL2-MJ-K0297-250618-02,"Gezichtsmassager, 45¡ãC Lifting met 4 standen Anti-rimpel apparaat LED Beauty Gezichtsmassager EMS Gezichtsapparaat voor Vrouwen Mannen rose","<p>¡¾Massagestanden¡¿De gezichtsmassager heeft 4 massagestanden: Clean, EMS, HOT en Skin Rejuvenation. Ze kunnen worden gebruikt om pori?n te reinigen, de huid te ontspannen en te verstevigen, je huid stralend te houden en rimpels in gezicht en hals te verbeteren
en te verminderen.</p>
<p>¡¾Dubbele kinverwijderaar¡¿De Gua Sha 4-in-1 gezichtsmassager heeft een constante temperatuur van 45 ¡ãC. De unieke gebogen massagekop glijdt moeiteloos over je gezicht en verbetert de absorptie van cr¨¨mes en lotions.</p>
<p>¡¾Draagbaar ontwerp¡¿Dankzij het ergonomische ontwerp ligt onze gezichtsmassager comfortabel in de hand en is hij moeiteloos te gebruiken. Het apparaat weegt slechts 70 g, of je hem nu in je make-uptasje op reis gebruikt of bij verschillende gelegenheden.</p>
<p>¡¾Gebruiksvriendelijk¡¿Breng je favoriete huidverzorgingsproducten eenvoudig aan op je hals en gezicht en laat ze volledig in je huid trekken. Gebruik vervolgens de massagekop van het apparaat om de nek voorzichtig van onder naar boven op te tillen en te
modelleren.</p>
<p>gezichtsmassageapparaat</p>
<p>anti-rimpelapparaat voor het gezicht</p>
<p>gezichtsliftapparaat</p>",25.47 ,100 ,https://cbu01.alicdn.com/img/ibank/O1CN01d1TO9a1UW2dlPVrhz_!!2215891042524-0-cib.jpg,https://s.alicdn.com/@sc04/kf/H8807c1dcb43a4ad3ae867b8ce1ca4e45u.jpg_720x720q50.jpg,https://s.alicdn.com/@sc04/kf/Hf178b56e55c6458d9fda0c43a6fbf776b.jpg_720x720q50.jpg,https://s.alicdn.com/@sc04/kf/Hd44b17607061472d995ce1d47a3a4918e.jpg_720x720q50.jpg,https://s.alicdn.com/@sc04/kf/Hfe7c05d45a4349e2a8b7d78332b47c99C.jpg_720x720q50.jpg,Merkloos,8410900587051,4-8d
BOL2-MJ-K0297-250618-03,BOL2-MJ-K0297-250618-03,"Elektrische Gua Sha gezichtsbehandelingstool, verbeterde warme en koude dual-mode gezichts- en halsmassager, gezichtssculptingtool/liftapparaat - verwarmd, ijs, vibrerend en rode massager, anti-veroudering en rimpels, wallen, dubbele kin","<p>Innovatief ontwerp met warme en koude kompressen - Deze gua sha gezichtsbehandeling biedt zowel warme als koude kompressen. Het warme kompres bevordert de bloedsomloop, ontspant spieren, opent pori?n en verbetert de huidtint, terwijl het ijskompres de
pori?n vernauwt, zwelling vermindert, de huid verzacht en de stevigheid verbetert. Gebruikers kunnen kiezen uit verschillende modi op basis van hun huidbehoeften, wat de effectiviteit van traditionele gua sha verbetert en veelzijdigheid toevoegt aan
de dagelijkse huidverzorging.</p>
<p>Meerdere modi beschikbaar - Dit faceliftapparaat biedt meerdere verzorgingsmodi voor verschillende huidbehoeften. Modus 1 combineert warmte en rood om de bloedsomloop te stimuleren, de huid te kalmeren en de elasticiteit en helderheid te verbeteren. Modus
2 gebruikt ijs en blauw om pori?n te verkleinen, spanning te verlichten en de gevoelige huid te herstellen. Modus 3 gebruikt MICRO en paars om de huid te verstevigen, te liften en diep te herstellen. Modus 4 combineert warmte, MICRO en rood voor anti-aging,
lifting en versteviging. Vibratie kan aan elke modus worden toegevoegd voor betere resultaten.</p>
<p>Bionisch ontwerp - De rand van deze Gua Sha gezichtsmassager is ontworpen om zich aan te passen aan de ronding van het gezicht, waardoor u meer mogelijkheden heeft. De punt kan acupunctuurpunten masseren en meridianen uitbaggeren. De behuizing past zich
aan de ronding van de handpalm aan, voor een comfortabele grip en eenvoudig gebruik.</p>
<p>Uw cadeau, haar knuffel - Deze lichtgewicht, compacte Gua Sha-tool is ideaal voor gebruik na een bad, op kantoor of op reis. Hij wordt geleverd met een USB-oplaadkabel, waarmee u hem tot wel een week kunt gebruiken met ¨¦¨¦n keer opladen. De set is verpakt
in een mooie geschenkdoos en bevat een Gua Sha-tool met twee standen: warm en koud, een USB-kabel en een gebruikershandleiding.</p>
<p>Let op: Om overmatige stimulatie van de huid te voorkomen, is een automatische uitschakeling van 5 minuten in de ijsmodus en 10 minuten in de andere modi ingesteld. Om het ijseffect te behouden, blijft de ventilator na het uitschakelen nog 30 seconden
draaien om warmte af te voeren. Dit is normaal, dus u kunt hem gerust gebruiken. Het elektrische schraperinstrument heeft drie versnellingen. Het is raadzaam om bij het eerste gebruik te beginnen met de lage versnelling!</p>",43.41 ,100 ,https://m.media-amazon.com/images/I/61CQKfDvxaL._AC_SL1500_.jpg,https://m.media-amazon.com/images/I/718v-SvIXpL._AC_SL1500_.jpg,https://m.media-amazon.com/images/I/712fgrHRsVL._AC_SL1500_.jpg,https://m.media-amazon.com/images/I/81dxnK2bkRL._AC_SL1500_.jpg,https://m.media-amazon.com/images/I/71N4vw4TD3L._AC_SL1500_.jpg,Merkloos,8410900587068,4-8d
BOL2-MJ-K0297-250618-04,BOL2-MJ-K0297-250618-04,"4D Facial Beauty Roller Massager ¨C Dubbele kogel nekliftapparaat met 12 massagestanden, 5 vibratieniveaus en 9 intensiteitsinstellingen voor gezichts- en lichaamsmodellering (zilver)","<p>?? Innovatief 4D-ontwerp met dubbele bal ¨C De voorgevormde roller past zich aan je gezicht en lichaam aan en richt zich op ogen, neus, wangen, nek, armen, taille, benen en schouders voor een verstevigende, modellerende en liftende ervaring.</p>
<p>?? 12 massagestanden en 5 vibratieniveaus ¨C Pas je routine aan met instelbare instellingen om de bloedsomloop, lymfedrainage en spierontspanning te bevorderen, wallen te verminderen en de huidelasticiteit te verbeteren.</p>
<p>?? Ergonomische grip en duurzame batterij ¨C De antisliphandgreep zorgt voor eenvoudige bediening, terwijl de oplaadbare batterij met hoge dichtheid tot een week meegaat per oplaadbeurt, waardoor hij perfect is voor dagelijkse huidverzorging en lichaamsmassages.</p>
<p>?? Smart LCD-scherm ¨C Het heldere digitale scherm geeft de massagestand, het intensiteitsniveau en de batterijstatus weer, zodat je je huidverzorgingssessies moeiteloos kunt volgen.</p>
<p>&nbsp;?? Gebruiksaanwijzing &amp; oplaadtips ¨C Voor het beste resultaat dagelijks 5-10 minuten gebruiken na het aanbrengen van serum, olie, gel of gezichtsmasker. Vermijd snelladers ¨C gebruik een 5V/1A-lader om de batterij langer mee te laten gaan.</p>",35.80 ,100 ,https://cbu01.alicdn.com/img/ibank/O1CN01fTmKGa1J48fABpVEa_!!2211175050974-0-cib.jpg,https://cbu01.alicdn.com/img/ibank/O1CN01fTmKGa1J48fABpVEa_!!2211175050974-0-cib.jpg,https://cbu01.alicdn.com/img/ibank/O1CN01aS0bqV1J48fCgPc3S_!!2211175050974-0-cib.jpg,https://cbu01.alicdn.com/img/ibank/O1CN01uSp2s61J48fGi3TaB_!!2211175050974-0-cib.jpg,https://cbu01.alicdn.com/img/ibank/O1CN01mCMLFs1J48fCfZSKU_!!2211175050974-0-cib.jpg,Merkloos,8410900587075,4-8d
BOL2-MJ-K0297-250618-05,BOL2-MJ-K0297-250618-05,"Elektrische V-gezichtsvormende massage, EMS-onderkinverkleiner, microstroom-faceliftapparaat, 45¡ãC rood- en blauwlichttherapie, kaaklijntrainer met 5 standen, 15 instelbare intensiteiten en afstandsbediening","<p>?¡¾5 EMS-massagestanden¡¿De V-face lifting massager heeft 5 standen: automatische stand, kneedstand, massagestand, acupunctuurstand en klopstand. De laagfrequente vibratiemassage verstevigt je huid, vermindert zwellingen, lift en vormt, en gaat veroudering
tegen. Kies de juiste stand op basis van jouw behoeften om je leven comfortabeler te maken.</p>
<p>?¡¾Microstroom massagekop &amp; externe pulsmassagepleister¡¿De elektrische facelifter maakt gebruik van het principe van EMS-microstroomstimulatie om de elasticiteit van de gezichtsspiervezels te verbeteren en de huidcontouren te verstevigen. Hij heeft
15 intensiteiten en is geschikt voor alle soorten mensen. Tijdens het gebruik van de facelifter kun je de externe pulsmassagepleister bevestigen en deze op de gewenste positie plakken (zoals: rug, armen, dijen, kuiten, taille en andere posities).
Zo geniet je optimaal.&nbsp;</p>
<p>?¡¾Ergonomisch ontwerp¡¿De V-vormige massager maakt gebruik van een intelligent ontwerp met een constante temperatuur van 45 ¡ãC, wat de huidpori?n opent, de absorptie bevordert en gezichtszwelling kan verminderen. Het 180¡ã opvouwbare ringontwerp past beter
bij de kincurve en volgt de menselijke gezichtscurve; het past perfect bij de gezichtscontour, waardoor het liftende effect duidelijker zichtbaar is.</p>
<p>?¡¾Eenvoudige bediening¡¿Gebruik bij het eerste gebruik van de gezichtsmassager een vochtig doekje om de massagekop te bevochtigen; het apparaat aan-/uitzetten: houd de aan/uit-knop 5 seconden ingedrukt; selecteer de modus: druk kort op de modusknop; pas
de intensiteit aan: druk kort op de +/- knop.</p>
<p>?¡¾Verpakking &amp; Gemakkelijk mee te nemen¡¿De verpakking bevat: Elektrische V-vormige massager*1, Afstandsbediening*1, Elastische band*1, Externe pulsinterfacekabel*1, Pulsmassagepatch*2, USB naar USB-C oplaadkabel*1, Gebruiksaanwijzing*1. De V-face
massager is opvouwbaar en opbergbaar. Je kunt hem meenemen naar je werk, tijdens je vrije tijd en op reis, en je huid altijd en overal masseren.</p>",33.34 ,100 ,https://m.media-amazon.com/images/I/71qJBDDhwOL._AC_SL1500_.jpg,https://m.media-amazon.com/images/I/71z7lXDT-oL._AC_SL1500_.jpg,https://m.media-amazon.com/images/I/71gLpqDrY9L._AC_SL1500_.jpg,https://m.media-amazon.com/images/I/71lYeYRqwgL._AC_SL1500_.jpg,https://m.media-amazon.com/images/I/711n+4yOCPL._AC_SL1500_.jpg,Merkloos,8410900587082,4-8d
BOL2-MJ-K0297-250618-06,BOL2-MJ-K0297-250618-06,"Dubbele kin verwijderend apparaat Elektrisch facelift apparaat Elektrische V-face dubbele kin verwijderend apparaat Intelligent liftend verstevigend huidmodellerende dubbele kin, wit","<p>Verstevigt het gezicht: De Double Chin Eliminator maakt gebruik van magnetische massagetechnologie die diep in de gezichtshuid doordringt met microstromen om het gezicht te kalmeren en de huidelasticiteit te verbeteren, waardoor uw gezicht er strakker
en voller uitziet.</p>
<p>Geschikt voor veel gezichtsproblemen: De Double Chin Eliminator is geschikt voor de algehele verbetering van de gezichtshuid en het verhogen van de gezichtselasticiteit, geschikt voor spierhypertrofie, vergroting van de frontale spieren, spierontspanning
en het behandelen van een onzuivere huid.</p>
<p>Perfect comfortabel ontwerp: De faceliftmachine is ergonomisch ontworpen en past zich perfect aan de gezichtsvorm aan. De linker- en rechterkant zijn symmetrisch gewikkeld voor een effectievere lifting.</p>
<p>Gebruiksvriendelijk: Het faceliftapparaat is lichtgewicht en USB-oplaadbaar, en is perfect voor thuis, op kantoor of op reis. Het wordt aanbevolen om het 15 minuten per dag te gebruiken, u kunt het gebruiken tijdens het lezen, slapen, tv kijken, huishoudelijk
werk of op elk gewenst moment.</p>
<p>6 modi: Onze Double Chin Eliminator biedt 6 modi die u vrij kunt combineren. U kunt de juiste modus kiezen op basis van uw persoonlijke behoeften. Voor beginners is het raadzaam om te beginnen met de laagste intensiteit.</p>",28.43 ,100 ,https://s.alicdn.com/@sc04/kf/H02e3dc4d31fd48f29a56009b430133a78.jpg_720x720q50.jpg,https://m.media-amazon.com/images/I/614KE8DjJ-L._AC_SL1300_.jpg,https://m.media-amazon.com/images/I/61ndVMhui3L._AC_SL1300_.jpg,https://m.media-amazon.com/images/I/51wYzYBekvL._AC_SL1300_.jpg,https://m.media-amazon.com/images/I/61kOV+Wzr4L._AC_SL1300_.jpg,Merkloos,8410900587099,4-8d
BOL2-MJ-K0297-250618-07,BOL2-MJ-K0297-250618-07,"Dubbele kin verwijderaar Roller V-face lift apparaat, 3 EMS modi Gezichtsmassager, Dubbele kin versteviger voor anti-rimpels Vaarwel aan grote en kleine gezichten Gezichtsafslanking","<p>Heb je last van een dubbele kin of een oneffen gezicht? Onze gezichtsmassager met EMS-technologie helpt specifiek tegen een dubbele kin en een slappe huid. De combinatie van massage en microstroom stimuleert de bloedsomloop, bevordert de lymfestroom en
helpt kleine probleemzones glad te strijken.</p>
<p>V-vormige gezichtsvorm voor gedefinieerde contouren: Het faceliftapparaat modelleert zachtjes een V-vormig gezicht. Bij regelmatig gebruik wordt de huid strakker en gelift om een ??smaller gezicht te vormen.</p>
<p>Effectieve dubbele kinverwijderaar voor duidelijke gezichtslijnen: Zeg vaarwel tegen een dubbele kin! Dit apparaat combineert EMS met rolmassage om specifiek vetophopingen in de kin te verwijderen en tegelijkertijd de huid te verstevigen. Bovendien vermindert
het zichtbare rimpels in de nek.</p>
<p>Gezichtsmassager met 3 EMS-modi: Stand 1 is ideaal voor beginners, stand 2 biedt intensere resultaten na enige gewenning. De derde stand is geschikt voor de bottleneckfase, wanneer het gezicht enigszins dun is. Zo past het apparaat zich flexibel aan je
huid en je doel aan.</p>
<p>Gezichtsrollermassage - verstevigend en ontspannend: slechts 15 minuten per dag. De zachte massage zorgt voor een egale teint, vermindert spanningen en zorgt ervoor dat het gezicht er fijner uitziet - ideaal voor uw dagelijkse verzorgingsroutine.</p>",32.81 ,100 ,https://m.media-amazon.com/images/I/71qV9cBl72L._AC_SL1500_.jpg,https://m.media-amazon.com/images/I/71yA6fQVl1L._AC_SL1500_.jpg,https://m.media-amazon.com/images/I/71Fi2PG4hlL._AC_SL1500_.jpg,https://m.media-amazon.com/images/I/71YccvJfZYL._AC_SL1500_.jpg,https://m.media-amazon.com/images/I/71do5NWsNTL._AC_SL1500_.jpg,Merkloos,8410900587105,4-8d
BOL2-MJ-K0297-250618-08,BOL2-MJ-K0297-250618-08,Tweekleurig lichtmicrostroom gezichtsapparaat Blauw licht verbetert het vermogen om het gezicht te liften en de huid te verstevigen Massageapparaat voor gezichtshuidversteviging Gezichtsrimpelapparaat USB - Wit,"<p>¡¾Slimme vibratiemicrostroom¡¿Microstroom gezichtsmassage met blauw licht en andere kleuren licht kan veroudering effectief vertragen. Het vermindert rimpels, verbetert een slappe huid, vermindert een dubbele kin, zorgt voor een stralende uitstraling en
verhoogt de opname van gezichtsverzorgingsproducten.</p>
<p>¡¾Verschillende liftfuncties¡¿ Tweekleurig licht, ge?ntegreerd knopontwerp, gebruiksvriendelijk. Onze microstroom gezichtsliften verstevigen en verjongen de huid, zodat u een mooi uiterlijk behoudt.</p>
<p>¡¾Gezichts-/lichaamsmassage¡¿ De gezichtsliftmassage is niet alleen geschikt voor het gezicht, maar ook voor het voorhoofd, de ogen, de nek, de neuslippenplooien, de armen, de buik, de taille, de benen en de dijen. Helpt fijne lijntjes, kragen, doffe huid,
zwarte lijnen, rimpels, striae en kraaienpootjes te verminderen.</p>
<p>¡¾Gezichtsmassage¡¿De microstroom gezichtsmassage lift en verstevigt de huid zachtjes, verbetert de huid, vermindert fijne lijntjes, houdt de huid jong en maakt uw huid levendig en stralend.&nbsp;</p>
<p>¡¾Draagbaar gebruik¡¿Dankzij het compacte en stijlvolle ontwerp kunt u het apparaat gemakkelijk thuis of onderweg meenemen, zodat u kunt genieten van uw eigen professionele huidverzorgingssalon.</p>",21.83 ,100 ,https://m.media-amazon.com/images/I/71ERdE6tyVL._AC_SL1500_.jpg,https://m.media-amazon.com/images/I/716+Z0eq9uL._AC_SL1500_.jpg,https://m.media-amazon.com/images/I/71Nw8uOojQL._AC_SL1500_.jpg,https://m.media-amazon.com/images/I/71XUNMTuPCL._AC_SL1500_.jpg,https://m.media-amazon.com/images/I/71vE6zMLc+L._AC_SL1500_.jpg,Merkloos,8410900587112,4-8d
BOL2-MJ-K0297-250618-09,BOL2-MJ-K0297-250618-09,"Face Lift Belt - EMS ElectricV-Face Shaping Massager - Apparaat voor het afslanken van het gezicht en de dubbele kin voor versteviging, anti-rimpels, ontspant bijtende spieren en keert huidveroudering om","<p>VERSTEVIGEND EN LIFTEND: De elektrische V Face Lift Belt verstevigt en lift de huid aanzienlijk, waardoor een dubbele kin, een slappe huid en lachrimpels worden verminderd. Het herstelt de huidelasticiteit en helpt een strakkere kaaklijn te cre?ren.</p>
<p>DIEPE ABSORPTIE: De Face Lifting Machine maakt gebruik van TENS-technologie om de dermale laag van het gezicht te stimuleren en de aanmaak van ATR en collageen te bevorderen. Dit verbetert de huidelasticiteit, stimuleert de collageenregeneratie en vermindert
vet. Het vergemakkelijkt ook de diepe absorptie van huidverzorgingsproducten, waardoor voedingsstoffen beter in de basislaag van de huid kunnen doordringen en de algehele absorptie wordt verbeterd.</p>
<p>UITGEBREIDE GEZICHTSVERZORGING: Het gezichtsliftapparaat beschikt over zes verzorgingsstanden (tikken, liften, kneden, verstevigen en cyclisch) en negen niveaus van laagfrequente pulsaanpassing, wat zorgt voor een precieze en comfortabele verzorging van
verschillende delen van het gezicht en helpt bij het cre?ren van een perfect V-vormig gezicht.</p>
<p>COMFORTABEL EN ADEMEND: Het gezichtsafslankapparaat is gemaakt van zeer veerkrachtig lycra dat huidvriendelijk, ademend en vrij van strepen is. Het zorgt voor comfortabel dragen en verbetert de huidondersteuning. De strenge vakmanschap garandeert een
goede pasvorm met 360¡ã fysieke rekbaarheid en geen terugvering, waardoor de gezichtshuid vol en elastisch blijft.</p>
<p>MEERDERE MODI: Kinband voor dubbele kin, dames en heren. Het ondersteunt zowel de halve als de volledige gezichtsmodus en pakt specifieke problemen aan, zoals een dubbele kin en neuslippenplooien. Het apparaat is voorzien van vaste plakstrips voor eenvoudige
verwijdering en gelijkmatige druk, en naadloze ooruitsparingen voor comfort. Het verbetert de stabiliteit van het masker en is geschikt voor verschillende gezichtsvormen.</p>",83.47 ,100 ,https://cbu01.alicdn.com/img/ibank/O1CN01Tp9TIq1FC9CozrM4F_!!2216963950450-0-cib.jpg,https://s.alicdn.com/@sc04/kf/H0947b68828d14169ac0e637a1a4dec28V.jpg_720x720q50.jpg,https://s.alicdn.com/@sc04/kf/Hd93e50e232594dcea9051037fa8ab137b.jpg_720x720q50.jpg,https://s.alicdn.com/@sc04/kf/Heec8e67f65ae4642aa745c2b7d552810I.jpg_720x720q50.jpg,https://s.alicdn.com/@sc04/kf/H8e765c5eeeff48ca92db0b4465987aefP.jpg_720x720q50.jpg,Merkloos,8410900587129,4-8d
BOL2-MJ-K0297-250618-10,BOL2-MJ-K0297-250618-10,"Elektrische V-vormige gezichtsmassager, EMS-onderkinverkleiner, rood-blauwe lichttherapie LED-huidverstevigingsapparaat, gezichtsmassager met 6 standen en afstandsbediening, kaaklijntrainer, rood","<p>4 EMS-lifttechnieken, anti-rimpel en anti-aging: De V-lijn facelift massager heeft een tui na-modus, kneedmodus, acupunctuurmodus, klopmodus; laagfrequente vibratiemassage, ontspant de huid, vermindert zwelling, lift en vormt; de lifttechniek die menselijke    handen simuleert is comfortabeler.</p>
<p>EMS-microstroom + vibratie: Dit facelift apparaat kan EMS-microstroom afgeven om de gezichtsspieren te stimuleren, de collageenactiviteit te activeren en de huid te verstevigen. Door vibratie verzacht het de gezichtsspieren, verbetert het de fijne spieren    en de gezichtselasticiteit, lift en verstevigt het de gezichtsspieren volledig.</p>
<p>Rood en blauw lichttherapie: De rode lichtmodus lift en verstevigt, bevordert de collageenproductie en herstelt de huidelasticiteit; de blauwe lichtmodus reinigt en verwijdert acne, remt ontstekingen en kalmeert de huid.</p>
<p>Ideale cadeau-opties: Ergonomisch ontwerp, past perfect bij de contouren van het gezicht, de opvouwbare ringvorm past bij alle gezichtsvormen en de lengte van de hoofdband is verstelbaar. Geef je dierbaren schoonheid en zelfvertrouwen cadeau.</p>
<p>Hoe maximaliseer je de effectiviteit van EMS: Het wordt aanbevolen om deze EMS roodlichttherapie gezichtsmassager na het reinigen te gebruiken met gel voor een beter effect. Het versterkt de EMS-stroom en maakt het gemakkelijker om EMS te voelen.</p>",39.20 ,100 ,https://m.media-amazon.com/images/I/61W0HsMKARL._AC_SL1500_.jpg,https://m.media-amazon.com/images/I/71EfHJxgQOL._AC_SL1500_.jpg,https://m.media-amazon.com/images/I/61ofCHz-pWL._AC_SL1500_.jpg,https://m.media-amazon.com/images/I/71nGAEJHzpL._AC_SL1500_.jpg,https://s.alicdn.com/@sc04/kf/H60d86be2f61744178d23d6f56cb8d83aq.jpg_720x720q50.jpg,Merkloos,8410900587136,4-8d
BOL2-MJ-K0297-250618-11,BOL2-MJ-K0297-250618-11,"Gezichtsapparaat Gua Sha Elektrisch, EMS Microstroom Gezichtsschraper Massager, Gezichtsmodelleringsapparaat met Warme & Koude Kompressen en Hoogfrequente Vibratie, Gezichts- & Lichaamsmassager voor Anti-Aging en Toning","<p>¡¾DUBBEL VERZORGING: WARM EN KOUD¡¿: De elektrische gezichtsmassager heeft 2 standen: koud en warm. Warme stand: 38~46 ¡ãC. Het kan de celvitaliteit verbeteren en de opname van huidverzorgingsproducten bevorderen. Volledige lichaamsmassage, meridianen kalmeren
en de bloedsomloop bevorderen. IJsherstel: 15~20 ¡ãC. Het kan pori?n verkleinen, allergie?n verminderen, oedeem elimineren en de huid jeugdig en mooi houden met een koel gevoel.</p>
<p>¡¾EMS-MICROSTROOMLIFTING MET 3 SNELHEDEN¡¿: De elektrische schrapende massager heeft EMS-microstroomstanden met 3 snelheden, die oedeem kunnen elimineren, de huid kunnen liften en verstevigen en gladde gezichtslijnen kunnen vormen; tegelijkertijd kan het
de opname van huidverzorgingsproducten diepgaand bevorderen en het effect ervan verbeteren. De lage snelheid van de elektrische schrapende steen is geschikt voor de gevoelige huid, de gemiddelde snelheid is geschikt voor de vette/neutrale huid en
de hoge snelheid is geschikt voor een huid met een hoge tolerantie.</p>
<p>¡¾3-NIVEAUS VIBRATIEMASSAGE¡¿: De verwarmde schrapende massager kan lichaam en geest diep ontspannen. Druk lang op de modusknop om de hoogfrequente vibratiemassage in te schakelen, lichaam en geest diep te ontspannen, de stevigheid en elasticiteit te verhogen
en de huid snel te verzorgen. Niveau 1 - zacht kalmerend, herstelt de vitaliteit van de huid. Niveau 2 - Verbetert de bloedsomloop en verbetert het absorptievermogen van de huid. Niveau 3 - Verhoogt de stevigheid en elasticiteit, effectieve verzorging
en snelle verzorging.</p>
<p>¡¾3-KLEUREN LICHTTHERAPIE¡¿: Het gezichtsliftapparaat heeft 3-kleuren lichttherapie, rood licht 622nm verwarming, activeert collageen en verhoogt de huidelasticiteit. Blauw licht 460nm ijskompres, antibacterieel en ontstekingsremmend, herstelt de huid.
Paars licht 470nm EMS microstroom, vermindert rimpels en verheldert de teint.&nbsp;</p>
<p>¡¾COMFORTABELE EN INTIEME MASSAGE¡¿: De elektrische schrapende en verstevigende machine heeft een ergonomisch golvend ontwerp dat perfect en comfortabel aansluit op de contouren van gezicht en lichaam. Het is zeer geschikt voor gebruik op nek, gezicht,
kin, rug en ledematen. Gebruik de gezichtsmassager 10-15 minuten per dag om uw huid te verjongen.</p>",44.39 ,100 ,https://m.media-amazon.com/images/I/61Ecp0oichL._AC_SL1500_.jpg,https://m.media-amazon.com/images/I/61vYcpl8BnL._AC_SL1001_.jpg,https://m.media-amazon.com/images/I/61aJ-SpVq3L._AC_SL1001_.jpg,https://m.media-amazon.com/images/I/61jP-pKx43L._AC_SL1001_.jpg,https://m.media-amazon.com/images/I/61Xfyva1PFL._AC_SL1001_.jpg,Merkloos,8410900587143,4-8d
BOL2-MJ-K0297-250618-12,BOL2-MJ-K0297-250618-12,Mee-eter verwijderaar vacu¨¹m pori?nreiniger acne comedonen extractor gezichtspori?n vacu¨¹m mee-eter verwijderaar gereedschap gezichtspori?n reiniger met 5 instelbare zuigkracht en 4 vervangende sondes - Blauw,"<p>?¡¾KRACHTIG, EFFECTIEF MAAR PIJNLOOS¡¿Gemaakt van betrouwbaar ABS-materiaal en gebruikt een effectieve fysieke aanpak om huidproblemen op te lossen zonder giftige en schadelijke chemicali?n. Het is veiliger en effectiever dan traditionele gezichtsreinigingsmethoden.
Tegelijkertijd is de hoogwaardige verpakking een verstandige keuze om cadeau te doen aan familie en vrienden.</p>
<p>?¡¾OPLAADBAAR &amp; DRAAGBAAR met LED-DISPLAY¡¿Onze pori?nreiniger heeft een ingebouwde, via USB oplaadbare lithiumbatterij. Ongeveer 2 uur opladen zorgt voor meer dan 3 uur superlange standby-tijd. Het draagbare ontwerp neemt niet veel ruimte in beslag
en is gemakkelijk mee te nemen. Het visuele LED-display toont de gebruiksduur en de resterende batterijduur en helpt u de sterkte te controleren.</p>
<p>?¡¾¨¦¨¦N SET VOOR ELKE GEZICHTSHUID¡¿In tegenstelling tot traditionele brute-force zuigtechnieken, is de nieuwste generatie mee-eterzuiger ontworpen om mee-eters uit uw huid te zuigen zonder deze te beschadigen. Verwijdert diep hardnekkige mee-eters, whiteheads,
acne, dode huidcellen en make-upresten en maakt je huid stralender.</p>
<p>?¡¾Nieuwste beautytechnologie¡¿De nieuwste mee-eter-vacu¨¹mverwijderaar is een multifunctioneel apparaat voor gezichtsverzorging met krachtige zuigpatronen en sondes voor een diepere reiniging van de huid. Na tests uitgevoerd door meer dan 1000 gebruikers,
kan deze mee-eter-vacu¨¹mreiniger effectief hardnekkige mee-eters, whiteheads, dode huidcellen, vet, puistjes, comedonen en make-upresten verwijderen, rimpels gladstrijken en de huid strakker maken, zelfs na wekenlang continu gebruik.</p>
<p>? [5 zuigkrachtniveaus] De pori?nvacu¨¹m is ontworpen voor verschillende huidtypen. De lichte zuigkrachtniveaus 1 en 2 zijn geschikt voor de gevoelige en droge huid. Gebruik de eerste keer de beautysonde met kleine opening. De gemiddelde zuigkracht, niveau
3, is voor een neutrale huid. Het hoge zuigniveau, niveau 4, is voor een vette huid, en het sterkste zuigniveau, niveau 5, is ontworpen voor een gemengde huid met grote pori?n.</p>",32.10 ,100 ,https://cbu01.alicdn.com/img/ibank/O1CN01OlLFQj2IKnbosL7HI_!!2723889268-0-cib.jpg,https://cbu01.alicdn.com/img/ibank/O1CN019WUNG92IKniSeKEvg_!!2723889268-0-cib.jpg,https://m.media-amazon.com/images/I/61K07pCtQzL._AC_SL1500_.jpg,https://i.postimg.cc/dQys7cng/9-1.jpg,https://i.postimg.cc/tCGXWvMJ/8-2.jpg,Merkloos,8410900587150,4-8d
BOL2-MJ-K0297-250618-13,BOL2-MJ-K0297-250618-13,"Elektrische fascia-messchraper Gua Sha-tool, 4 standen - Rood model + Paars + Blauw + Verwarming + Micro + Trilling - 3-traps aanpassing - USB-oplaadbaar, Spierontspanningstool, Fascia-massager","<p>Multifunctionele massagetool - Vergeleken met traditionele GuaSha-tools is deze elektrische GuaSha-schraper met fasciames zwaarder en gemaakt van metaal (0,9 pond), dat een zeer fijne structuur heeft. Het ergonomische ontwerp maakt het geschikt voor het
schrapen van spieren en het masseren van het hele lichaam. Het kan op elk lichaamsdeel worden toegepast, zoals de nek, gewrichten, taille, benen, armen, handen, schouders en rug. Het kan worden gebruikt voor schrapen, spierontspanning, een volledige
lichaamsmassage, enz.</p>
<p>Meerdere modi beschikbaar - Deze GuaSha-spiermassage-ontspanningstool heeft 4 modi: rood licht, rood licht + verwarming, paars + MICRO en paars + verwarming + MICRO. Elke modus heeft een ander effect en u kunt eenvoudig wisselen. Elke modus heeft 3 instelbare
standen, u kunt de juiste intensiteit kiezen op basis van uw behoeften. (Bij het eerste gebruik van de massager is het raadzaam om te beginnen met een lagere stand en deze geleidelijk te verhogen, afhankelijk van de tolerantie van uw lichaam.)</p>
<p>Breed toepasbaar - Geschikt voor spierblessures veroorzaakt door intensieve training, fysiotherapie en pijnverlichting tijdens de herstelperiode na een operatie. Ook bij fysieke en mentale uitputting door werk. Het beste cadeau voor zittend kantoorpersoneel,
professionele atleten en fitnessliefhebbers.</p>
<p>Draagbaar en duurzaam - Deze fascia gua sha massagetool is zeer klein, met een afmeting van slechts 16,3 x 5,6 x 3 cm, en past gemakkelijk in een kleine tas of zak. Of u nu op zakenreis bent, op reis bent of op kantoor bent, u kunt hem altijd en overal
gebruiken. 1200 mAh lithiumbatterij met grote capaciteit, 30 minuten per dag, goed voor 20 dagen gebruik. Snel opladen via USB, eenvoudig en handig.</p>",54.41 ,100 ,https://cbu01.alicdn.com/img/ibank/O1CN01DPae1E2IKnj62UxQT_!!2723889268-0-cib.jpg,https://m.media-amazon.com/images/I/711pCPG0CdL._AC_SL1500_.jpg,https://m.media-amazon.com/images/I/81G4aNdfyVL._AC_SL1500_.jpg,https://m.media-amazon.com/images/I/81LOxl2xrtL._AC_SL1500_.jpg,https://m.media-amazon.com/images/I/8100kVq95NL._AC_SL1500_.jpg,Merkloos,8410900587167,4-8d
BOL2-MJ-K0297-250618-14,BOL2-MJ-K0297-250618-14,"Elektrische Gua Sha gezichtsbehandelingstool 7-in-1 warme en koude LED-schoonheidsmassage voor gezicht en hals, vibrerende pulsmodus voor huidverzorging, lymfedrainage, anti-aging en rimpels, faceliftapparaat","<p>Warm en koud kompres - Deze gua sha gezichtsmassager heeft een warm en koud kompres. Het warme kompres bevordert de bloedcirculatie, ontspant spieren, opent pori?n en verbetert de huidtint. Het ijskompres sluit pori?n, vermindert zwellingen, kalmeert
de huid en maakt deze steviger. Dankzij het roestvrij staal is het snel en gemakkelijk op te warmen. U kunt kiezen tussen warm en koud, afhankelijk van uw huidtype. Dit maakt gua sha effectiever en gemakkelijker te gebruiken, elke dag.</p>
<p>Meerdere modi beschikbaar - Dit beautyapparaat heeft 7 modi, elk met een andere kleur. Elke modus heeft een andere temperatuur, sterkte en werkingssnelheid. Dit product kan uw huid er gezonder en jonger uit laten zien. Het kan ook uw pori?n verkleinen,
spanning verminderen en een gevoelige huid herstellen. Het verstevigt, lift en herstelt de huid diep.</p>
<p>Ergonomisch ontwerp - De rand van deze Gua sha gezichtsmassager is ontworpen om zich aan te passen aan de vorm van uw gezicht, waardoor u meer mogelijkheden heeft. De punt kan acupunctuurpunten masseren en meridianen uitbaggeren. De handgreep past perfect
in de handpalm, voor een comfortabele grip en eenvoudig gebruik. Puur en natuurlijk - Guasha is een eeuwenoude fysiotherapie uit het Oosten. Dit product combineert moderne technologie met traditionele massagetechnieken, zoals een facelift en lymfedrainage,
gecombineerd met blootstelling aan rood en blauw licht en temperatuurtherapie om de conditie van uw huid op natuurlijke wijze te verbeteren.</p>",45.63 ,100 ,https://m.media-amazon.com/images/I/612FkH-buFL._AC_SL1500_.jpg,https://m.media-amazon.com/images/I/71vPEzA+udL._AC_SL1500_.jpg,https://m.media-amazon.com/images/I/61eTqQ3zlFL._AC_SL1500_.jpg,https://m.media-amazon.com/images/I/71JIoRXegXL._AC_SL1500_.jpg,https://m.media-amazon.com/images/I/71s0NBT-WpL._AC_SL1500_.jpg,Merkloos,8410900587174,4-8d
BOL2-MJ-K0297-250618-15,BOL2-MJ-K0297-250618-15,Fasciaal mes Gua Sha massagetool Elektrische spierschraper met EMS microstroom warmtetherapie (38-46¡æ) & vibratie cellulitis massagetool Type-C oplaadbaar 3 standen Wit,"<p>Triple Therapy Technology: EMS-microstroom stimuleert spiercontractie + thermische therapie verbetert de bloedstroom + diepe vibratie verbreekt fasciale verklevingen - 30% sneller herstel dan met traditionele tools</p>
<p>Slimme temperatuurregeling: NTC-gereguleerde warmte met een instelbaar bereik van 8 ¡ãC (38-46 ¡ãC) voorkomt automatisch oververhitting en maximaliseert de therapeutische voordelen</p>
<p>Professioneel ergonomisch ontwerp: Gebogen rand vormt zich perfect naar de anatomie van het lichaam (nek/schouders/rug/benen) met 360¡ã antislipgrip</p>
<p>De hele dag door presteren: 1200 mAh batterij met realtime energieweergave + universele USB-C-oplaadfunctie (0-100% in 90 minuten)</p>
<p>Ideaal voor meerdere scenario's: Of u nu herstelt van een sportblessure, ontspanning zoekt na een intensieve training, spierstijfheid door langdurig zitten bestrijdt of helpt bij postoperatief herstel, Fascia Knife is d¨¦ oplossing voor het verzachten    van uw nek, schouders, rug, gewrichten, taille, benen, armen, handen en spieren</p>",49.15 ,100 ,https://cbu01.alicdn.com/img/ibank/O1CN01vvPC742IKnnEKjNH1_!!2723889268-0-cib.jpg,https://s.alicdn.com/@sc04/kf/Hf6301dc5ecfe4d31a3000748b9964b858.jpg_720x720q50.jpg,https://s.alicdn.com/@sc04/kf/H77cc5d74d925468ca919f6572ebef46cs.jpg_720x720q50.jpg,https://s.alicdn.com/@sc04/kf/H16897d0827f64ce6b6efc960b53db8a5z.jpg_720x720q50.jpg,https://cbu01.alicdn.com/img/ibank/O1CN015RMHuf2IKnkmaMHy7_!!2723889268-0-cib.jpg,Merkloos,8410900587181,4-8d
BOL2-MJ-K0297-250618-16,BOL2-MJ-K0297-250618-16,"Roodlichttherapie voor het gezicht, 7 modi en timerinstellingen Led-gezichtsmasker Lichttherapie met afstandsbediening, draagbaar nabij-infrarood 850 roodlichttherapiemasker, oogbescherming Lichttherapie thuis 288 LED-kralen","<p>Multi-Mode Lichttherapie voor het Gezicht: Dit geavanceerde LED-gezichtsmasker biedt 7 gespecialiseerde lichtstanden ¨C Rood (650 nm), Oranje (605 nm), Wit (500 nm), Paars (430 nm), Groen (530 nm), Blauw (470 nm) en Geel (590 nm) ¨C om diverse huidproblemen
aan te pakken. Het rode en nabij-infrarood licht werken samen om de collageenproductie te stimuleren, de huidelasticiteit te verbeteren en de uitstraling te versterken. Blauw licht helpt de talgafscheiding te reguleren, terwijl geel licht roodheid
verzacht en de gevoelige huid kalmeert, enz. Met 7 instelbare helderheidsniveaus is het perfect voor de dagelijkse verzorging van het lichaam.</p>
<p>Slimme Timer met Afstandsbediening voor Probleemloos Gebruik: Het roodlichtmasker is uitgerust met een gebruiksvriendelijke afstandsbediening, waarmee u eenvoudig behandeltijden kunt instellen die bij uw schema passen. Kies uit sessies van 5, 10 of 15
minuten en het apparaat schakelt automatisch uit aan het einde van de sessie. Deze functie zorgt voor veilig en zorgeloos gebruik, waardoor het ideaal is voor een snelle ochtendroutine of een ontspannende huidverzorging 's avonds.</p>
<p>Lichtgewicht, draagbaar en comfortabel ontwerp: Het roodlichttherapiemasker is gemaakt van zachte, hoogwaardige siliconen en past nauwsluitend en comfortabel op uw gezicht zonder druk te veroorzaken. Het meegeleverde oogbeschermingsschild zorgt voor een
veilige en aangename ervaring. Het lichtgewicht, opvouwbare ontwerp maakt het gemakkelijk mee te nemen en op te bergen, perfect voor gebruik thuis, op reis of zelfs tijdens buitenactiviteiten. Reiniging is eenvoudig: veeg het oppervlak na gebruik
af met een zachte doek of een vochtig doekje.</p>
<p>288 hoogenergetische led-kralen voor diepe huidverzorging: De roodlichttherapie voor het gezicht met 288 hoogenergetische led-kralen met een stralingsafstand van minder dan 4 mm, levert het led-lichtmasker geconcentreerde en gelijkmatige lichtenergie
die diep in de huid doordringt en de huidconditie van het hele gezicht verbetert. Het handsfree ontwerp stelt u in staat om te multitasken - lezen, sporten of ontspannen - terwijl u geniet van uw lichttherapiesessie.</p>",44.19 ,100 ,https://cbu01.alicdn.com/img/ibank/O1CN01uaevRG1ql5FiqQGG3_!!2210325835535-0-cib.jpg,https://m.media-amazon.com/images/I/71tQ3f97OKL._AC_SL1500_.jpg,https://s.alicdn.com/@sc04/kf/H0a142eaae37f43a7a5757bdc117978ec2.png_720x720q50.jpg,https://s.alicdn.com/@sc04/kf/Hb688feaf9836491facc2baba8b2ed7bbO.png_720x720q50.jpg,https://s.alicdn.com/@sc04/kf/H457f23c9671b4ec7b06395c038ae36d1V.png_720x720q50.jpg,Merkloos,8410900587198,4-8d
BOL2-MJ-K0297-250618-17,BOL2-MJ-K0297-250618-17,Rood lichttherapiemasker - 7-kleuren LED-gezichtsmasker voor reis- en thuisgebruik,"<p>PROFESSIONELE VERJONGING - Met geavanceerde LED-roodlichttechnologie bereikt u een diepe huidverbetering, wat de weg vrijmaakt voor een thuisspa-ervaring en huidproblemen oplost.</p>
<p>OPLAADBARE BATTERIJ - Onge?venaarde energie-effici?ntie en batterijduur zorgen voor eenvoudige huidverzorging in het dagelijks leven of op reis met het Red Light gezichtsmasker, voorzien van een ingebouwde oplaadbare batterij met grote capaciteit die    lang meegaat.</p>
<p>SLIMME DIMMING VOOR VERBETERDE VERZORGING - Met meerdere geavanceerde intensiteitsinstellingen en intelligente dimfunctie biedt dit roodlichtmasker een milde verzorging voor uw huid. Laat ons masker uw teint verwennen en voeden met een geweldig proces.</p>
<p>VEILIG EN COMFORTABEL: Ervaar een gezichtsbehandeling zoals voorheen met ons roodlichtmasker. De nauwkeurig ontworpen gezichtscontour zorgt voor een comfortabele en veilige pasvorm en laat uw huid stralen dankzij de huidvriendelijke materialen.</p>
<p>GEMAKKELIJK TE DRAGEN Ons Red Light gezichtsmasker is uitgerust met een ultralichte body en een handige, draagbare tas, waardoor het gemakkelijk in uw tas of koffer past. Neem uw huidverzorgingsroutine overal mee naartoe.</p>",34.77 ,100 ,https://cbu01.alicdn.com/img/ibank/O1CN018y8og722nABtxcoiA_!!2210109417164-0-cib.jpg,https://m.media-amazon.com/images/I/71ZQwvHahEL._SL1500_.jpg,https://m.media-amazon.com/images/I/717Lzfx7w6L._SL1500_.jpg,https://m.media-amazon.com/images/I/71KjnyQ9xxL._SL1500_.jpg,https://m.media-amazon.com/images/I/61DNvQG8OZL._SL1392_.jpg,Merkloos,8410900587204,4-8d
BOL2-MJ-K0297-250618-18,BOL2-MJ-K0297-250618-18,"Airbrush-set Airbrush-set met airbrushcompressor Nagelcharms Draadloze airbrush voor kapper, nail art, taartdecoratie, make-up, modelschilderen (zwart)","<p>¡¾Sterkere druk en betere luchtstroom¡¿De structuur van onze airbrush-set is niet gemakkelijk te blokkeren en de spray is krachtig en delicaat. Vergeleken met de gewone luchtdruk op de markt, hebben we twee soorten echte luchtdruk om uit te kiezen, waardoor
u twee luchtdrukopties (30 psi, 35 psi) over uw kunstwerk kunt gebruiken.</p>
<p>¡¾Breed inzetbaar¡¿Onze airbrush-set kan in verschillende werkomgevingen worden gebruikt, zoals in combinatie met cosmetica voor huidverzorging, artistieke tatoeages, spraypainting, nagelverbetering, taartdecoratie, enzovoort.</p>
<p>¡¾Grotere batterijcapaciteit en handig opladen¡¿Vergeleken met gewone batterijen gebruiken we batterijen die duurder zijn en een grotere capaciteit hebben, waardoor uw werkuren aanzienlijk kunnen worden verlengd en ze duurzamer en langer meegaan. Ons airbrushpistool
is uitgerust met een USB-oplaadkabel, wat opladen gemakkelijk maakt.&nbsp;</p>
<p>¡¾3 bekers met verschillende capaciteit¡¿Voor verschillende gebruiksscenario's hebben we drie bekerformaten (7 cc, 20 cc, 40 cc) met verschillende capaciteiten geconfigureerd.</p>
<p>¡¾0,25 mm vloeistofsproeikop¡¿We gebruiken fijne spuitpistoolaccessoires om zeer moeilijk werk te kunnen uitvoeren en tegelijkertijd zoveel mogelijk grondstoffen te besparen tijdens het gebruik.</p>",47.99 ,100 ,https://cbu01.alicdn.com/img/ibank/O1CN01oXeN7i1v5ve8hjPfo_!!2215604496122-0-cib.jpg,https://m.media-amazon.com/images/I/71b3+SKarQL._SL1500_.jpg,https://m.media-amazon.com/images/I/71qiv11K0yL._SL1500_.jpg,https://m.media-amazon.com/images/I/813qDC-6aTL._SL1500_.jpg,https://m.media-amazon.com/images/I/71Ymz0D402L._SL1500_.jpg,Merkloos,8410900587211,4-8d
BOL2-MJ-K0297-250618-19,BOL2-MJ-K0297-250618-19,"L-E-D Light 7-kleuren SPA-gezichtslicht, multifunctioneel schoonheidsapparaat voor thuissalons voor vrouwen Multi-color LED-gezichtsmasker, draagbaar roodlichttherapiemasker, huidverzorging voor thuis en op reis","<p>¡¾LED-gezichtsmasker met lichttherapie¡¿Dit lichttherapiemasker heeft vele kleuren die overeenkomen met verschillende lichtmodi. Het LED-lichttherapiemasker is een draagbaar LED-lichttherapieapparaat voor thuisgebruik dat kan helpen bij het oplossen van    diverse huidproblemen.</p>
<p>¡¾Schoonheid en veiligheid¡¿Combineer verschillende lampen naar wens voor meerdere gezondheids- en schoonheidsvoordelen. Het is extreem duurzaam, waardoor het veilig, natuurlijk en herbruikbaar is. Een must voor overwerk en laat opblijven om stress te verlichten.</p>
<p>¡¾Eenvoudig en gebruiksvriendelijk¡¿U kunt thuis genieten van professionele huidverzorging, vergelijkbaar met schoonheidssalons. Vrije combinatie van verschillende lampen. Het is zeer duurzaam, veilig, natuurlijk en herbruikbaar.</p>
<p>¡¾Productsamenstelling¡¿Het LED-lichttherapiemasker is een draagbaar LED-lichttherapieapparaat voor thuisgebruik dat kan helpen bij het oplossen van diverse huidproblemen. Het LED-lichttherapiemasker bestaat uit een masker, controller, adapter, USB-kabel    en bandjes.</p>",76.76 ,100 ,https://cbu01.alicdn.com/img/ibank/O1CN01w5BslY2CrsblHRMGz_!!2215633598528-0-cib.jpg,https://m.media-amazon.com/images/I/71tsDb09r3L._AC_SL1500_.jpg,https://m.media-amazon.com/images/I/61vF4LC+r2L._AC_SL1500_.jpg,https://m.media-amazon.com/images/I/71Y7qyPEegL._AC_SL1500_.jpg,https://m.media-amazon.com/images/I/71-R9MmFipL._AC_SL1500_.jpg,Merkloos,8410900587228,4-8d
BOL2-MJ-K0297-250618-20,BOL2-MJ-K0297-250618-20,"Gezichtsverzorgingsproduct absorbeert Derma Pen-apparaat, LED-lichttherapie gezichtsmassager, thermische en ijskoelende roller","<p>Nieuw ontworpen 4-in-1 gezichtsapparaat: verbeterde huidverzorgingsproducten absorberen; 5 ledlampjes; ijskoeling en thermische massage.</p>
<p>3 vervangende cartridges, veilige en gebruiksvriendelijke kop, effectievere absorptie, keuze uit 9 vibratiesnelheden.</p>
<p>5 kleuren ledlampjes, gericht op verschillende huidverzorgingsbehoeften.</p>
<p>IJskoelingskussen kan je huid kalmeren, pori?n sluiten, wallen verminderen, een perfecte aanvulling op je huidverzorgingsroutine.</p>
<p>Thermische massager kan je huid activeren, zodat voedingsstoffen volledig worden opgenomen.</p>",39.46 ,100 ,https://m.media-amazon.com/images/I/61VAEzFlfsL._AC_SL1500_.jpg,https://m.media-amazon.com/images/I/71Li3bbzaHL._AC_SL1500_.jpg,https://m.media-amazon.com/images/I/81F-zMYY3QL._AC_SL1500_.jpg,https://m.media-amazon.com/images/I/81vC7dJFXQL._AC_SL1500_.jpg,https://m.media-amazon.com/images/I/71A9d2MrnAL._AC_SL1500_.jpg,Merkloos,8410900587235,4-8d
BOL2-MJ-K0297-250618-21,BOL2-MJ-K0297-250618-21,Rode lichttherapie voor het gezicht 7 kleuren LED-gezichtslichtroller gezichtsmassager cadeau voor vrouwen thuis huidverzorging (zwart),"<p>Lichttherapie voor het gezicht: Het lichttherapieapparaat voor het gezicht combineert de kracht van led-, warmte- en vibratietechnologie. Elke technologie speelt in op verschillende gebruikersvoorkeuren en -behoeften.</p>
<p>Multifunctioneel beauty-instrument: Het apparaat voor gezichtsverzorging maakt gebruik van 7 verschillende ledlichtstanden en 3 massagestanden om de huid te stimuleren en zo fijne lijntjes en rimpels te verminderen. Perfect voor het masseren van gezicht
en hals.</p>
<p>Gezichts- en halsmassage: Dit compacte en draagbare gezichtsmassageapparaat maakt lichaamsverzorging thuis of onderweg mogelijk. Met ¨¦¨¦n druk op de knop kunt u wisselen tussen standen en lichtkleuren voor een comfortabele huidverzorgingservaring. Krijg
altijd en overal een gladde, jeugdige huid.</p>
<p>Draagbaar formaat: Dit gezichtsmassageapparaat biedt professionele gezichts- en halsverzorging, waar u ook bent. Dankzij het intu?tieve ontwerp kunt u de stand en lichtkleur eenvoudig aanpassen met twee knoppen, wat zorgt voor een naadloze en comfortabele
huidverzorgingservaring.</p>",33.34 ,100 ,https://m.media-amazon.com/images/I/61lWzXLuXML._AC_SL1500_.jpg,https://m.media-amazon.com/images/I/713mPpXyXaL._AC_SL1500_.jpg,https://m.media-amazon.com/images/I/71teuYPMWnL._AC_SL1500_.jpg,https://m.media-amazon.com/images/I/71Fu6ti6lkL._AC_SL1500_.jpg,https://m.media-amazon.com/images/I/61Tp0vwRuWL._AC_SL1500_.jpg,Merkloos,8410900587242,4-8d
BOL2-MJ-K0297-250618-22,BOL2-MJ-K0297-250618-22,"Mee-eters verwijderen met vacu¨¹mzuiger, hydrodermabrasie-apparaat, vacu¨¹mzuigapparaat voor pori?n met 6 zuigkoppen, 3 versnellingen, USB-oplaadbaar watercircuit, hulpmiddel voor het verwijderen van puistjes","<p>Geavanceerde dieptereiniging met hydraterende bubbels: De mee-eterverwijderaar combineert technologie met kleine bubbels en vacu¨¹mabsorptie om je pori?n diep te reinigen en je huid gehydrateerd te houden. Dit innovatieve systeem met dubbele werking verwijdert
effectief mee-eters, whiteheads en overtollige olie en helpt zelfs fijne lijntjes te vervagen, waardoor je huid er fris en verjongd uitziet. Ideaal voor wie op zoek is naar een grondige maar milde gezichtsreiniging.</p>
<p>Aanpasbaar voor alle huidtypen: Met 3 instelbare zuigkrachtniveaus is de mee-eterverwijderaar geschikt voor droge, vette en neutrale huidtypen. Of je nu een gevoelige huid hebt of een intensievere reiniging nodig hebt, met dit apparaat kun je de zuigkracht
aanpassen aan je specifieke behoeften, waardoor je keer op keer een veilige en effectieve behandeling krijgt.</p>
<p>6 verwisselbare zuigkoppen voor veelzijdige verzorging: De mee-eterverwijderaar wordt geleverd met 6 verwisselbare zuigkoppen, elk ontworpen voor verschillende huidproblemen. Van het aanpakken van hardnekkige mee-eters tot het zachtjes exfoli?ren van
gevoelige plekken, deze opzetstukken bieden een complete huidverzorgingsoplossing die zich aanpast aan jouw unieke behoeften.</p>
<p>Hygi?nisch ontwerp met onafhankelijke vloeistoftank: Met een onafhankelijke vloeistoftank en scheiding van vuil water zorgt de mee-eter-pori?n-verwijderaar ervoor dat de reinigingsvloeistof niet wordt gerecirculeerd, waardoor huidinfecties worden voorkomen
en een optimale hygi?ne wordt behouden. Dit doordachte ontwerp maakt het een veilige en betrouwbare keuze voor dagelijkse huidverzorgingsroutines.</p>
<p>Draagbaar en oplaadbaar voor gebruik onderweg: De mee-eter-verwijderaar is ontworpen voor gebruiksgemak en heeft een ingebouwde oplaadbare batterij die tot 120 minuten continu gebruik ondersteunt. Het compacte en lichtgewicht ontwerp maakt het gemakkelijk
mee te nemen, zodat je je huidverzorgingsroutine kunt blijven volgen, of je nu thuis bent of op reis.</p>",24.75 ,100 ,https://m.media-amazon.com/images/I/61dyxLd-L-L._AC_SL1500_.jpg,https://m.media-amazon.com/images/I/71Pi+Bq5JvL._AC_SL1500_.jpg,https://m.media-amazon.com/images/I/71IBVW2S-iL._AC_SL1500_.jpg,https://s.alicdn.com/@sc04/kf/Hebbfa395a418445eac0cafb3da1447c74.jpg_720x720q50.jpg,https://s.alicdn.com/@sc04/kf/Hd511c19e5f3445c2ad025a7c10cdca33A.jpg_720x720q50.jpg,Merkloos,8410900587259,4-8d
BOL2-MJ-K0297-250618-23,BOL2-MJ-K0297-250618-23,"Elektrische ultrasone huidscrubber, gezichtsscrubber, gezichtsscrubber en spatel voor diepe reiniging, mee-eterverwijderaar, pori?nreiniger, schoonheidsinstrument met 3 standen","<p>?Diepe reiniging van de huid met behulp van ultrasone en nanotechnologie, met 28.000 trillingen per seconde om snel en grondig mee-eters, acne, dode huidcellen en make-upresten te verwijderen. Laat je huid er scherper en gladder uitzien.</p>
<p>?Diepe reiniging, hoge frequentie trillingen kunnen tot ongeveer 3-5 mm diep in je huid doordringen en reinigen de pori?n effectief. Bevordert de bloedsomloop en het metabolisme van je huid; elimineert rimpels, lift en verstevigt je gezicht.</p>
<p>?Werkt beter samen met huidverzorgingsproducten zoals dieptereinigingsolie, reinigingsschuim, toner, etherische olie, essence cr¨¨me, enz. Geschikt voor thuisgebruik, schoonheidssalons en op reis. De beste keuze voor het reinigen en verzorgen van je huid.</p>
<p>?Veilig en gemakkelijk te gebruiken, huidverzorging kan thuis worden gedaan zonder dat je naar een schoonheidssalon hoeft. Volg gewoon de instructies van de ultrasone huidscrub om het huidverzorgingsproces te voltooien. Bespaar veel tijd en geld.</p>
<p>?Waarschuwing: Gebruik geen huidverzorgingsproducten tijdens het opladen. Mensen met een gevoelige huid moeten het aantal reinigingsbeurten per week beperken en de reinigingstijd per keer niet langer dan 3 minuten laten duren.</p>",27.22 ,100 ,https://cbu01.alicdn.com/img/ibank/O1CN018etySm1NUwGpo4taq_!!2215466351574-0-cib.jpg,https://m.media-amazon.com/images/I/61u+sWZWyCL._AC_SL1001_.jpg,https://m.media-amazon.com/images/I/41VKOlNYN9L._AC_SL1001_.jpg,https://m.media-amazon.com/images/I/61t6WwAKavL._AC_SL1001_.jpg,https://m.media-amazon.com/images/I/51hyOxDQ4zL._AC_SL1001_.jpg,Merkloos,8410900587266,4-8d
BOL2-MJ-K0297-250618-24,BOL2-MJ-K0297-250618-24,"7-kleuren LED-lichttherapiemasker, schoonheidsfotonisch masker voor huidverjonging, anti-veroudering, acne, vlekken, littekenverwijdering, verstevigend gezichtsmasker","<p>Veilig en natuurlijk, comfortabel en gemakkelijk te gebruiken: het masker maakt gebruik van lineaire lichtgeleiders die via leds in de huid worden geleid. Het is niet schadelijk voor uw ogen. Elke lichtkleur heeft een gunstig effect op specifieke huidaandoeningen.    Uw huid absorbeert lichtenergie, die vervolgens de conditie van uw huid behandelt, afhankelijk van de gebruikte kleur.</p>
<p>7-kleuren ledmasker: professioneel ledmasker, maakt gebruik van lineaire lichtgeleiders. Verkrijgbaar in rood, blauw, groen, paars, geel, cyaan en wit. Elke lichtkleur heeft een gunstig effect op specifieke huidaandoeningen.</p>
<p>Helpt huidproblemen te verbeteren: Ontworpen om het gezicht te verfraaien, de glans en elasticiteit van de huid te vergroten, rimpels te verminderen en te voorkomen, de huid te verstevigen, donkere kringen, wallen, fijne lijntjes, donkere vlekken en droge    plekjes te verminderen, acne te remmen, de opname van huidverzorgingsproducten te versnellen en de slaapkwaliteit te verbeteren.</p>
<p>Activeert collageen: bevordert de collageengroei in de huid, waardoor deze transparanter en helderder wordt. Verjong en revitaliseer de rendieren! Helpt bij een jeugdige en stralende teint. Geschikt voor alle huidtypen, lichtgewicht, veilig en comfortabel.</p>
<p>Gebruiksvriendelijk: dit ledmasker is draadloos en overal te gebruiken. E¨¦n knop om het masker te bedienen. Geschikt voor alle huidtypen, lichtgewicht, veilig en comfortabel.</p>",42.39 ,100 ,https://m.media-amazon.com/images/I/71gJfo6LDOL._AC_SL1500_.jpg,https://m.media-amazon.com/images/I/713-k2pjhUL._AC_SL1500_.jpg,https://m.media-amazon.com/images/I/71ObdYLIlbL._AC_SL1500_.jpg,https://m.media-amazon.com/images/I/71KHgEkKtQL._AC_SL1500_.jpg,https://m.media-amazon.com/images/I/71O0YoS5NaL._AC_SL1500_.jpg,Merkloos,8410900587273,4-8d
BOL2-MJ-K0297-250618-25,BOL2-MJ-K0297-250618-25,"Multifunctioneel gezichtsapparaat, draagbare elektrische gezichtsmassager 7-in-1 roodlichttherapie voor gezichtsmassager voor huidverzorging thuis","<p>¡¾Ontworpen voor alle huidtypen¡¿- Deze 7-in-1 gezichtsmassager kan zowel op het gezicht als op de hals worden gebruikt. Het apparaat heeft 4 verschillende ledlichtstanden met diverse huidverzorgingsfuncties, wat effectief en multifunctioneel is.</p>
<p>¡¾Dagelijkse huidverzorging¡¿- Dit apparaat helpt huidverzorgingsproducten dieper in de huid door te dringen en het maximale uit uw huidverzorgingsroutine te halen, waardoor deze gladder, stralender en egaal van kleur wordt.</p>
<p>¡¾Verwarmende en verkoelende gezichtsmassage¡¿- Onze gezichtsmassager biedt 7 standen, waaronder vibratie, verwarming, koeling en meer. De warmtestand helpt uw ??huid de cr¨¨me of lotion sneller en vollediger te absorberen, zodat uw huid straalt. De koele
stand gebruikt een verkoelende ijssensatie en blauw licht om wallen te verminderen, waardoor u een frissere huid krijgt. Voldoe aan uw diverse behoeften en geniet van professionele huidverzorgingsbehandelingen, altijd en overal.</p>
<p>¡¾Gebruiksaanwijzing¡¿- Reinig uw huid grondig en breng voor gebruik wat huidverzorgingsproducten aan. Houd de knop ingedrukt om het apparaat in te schakelen en de gewenste modus te selecteren. Beweeg het apparaat zachtjes in cirkelvormige bewegingen over
uw gezicht en hals.</p>
<p>¡¾Inhoud¡¿ - Inclusief 1¡Á gezichtsmassager, 1¡Á voetstuk, 1¡Á transparante borgring, 1¡Á USB-kabel en 1¡Á handleiding. Klein en lichtgewicht, gemakkelijk mee te nemen en te gebruiken voor huidverzorging thuis of op reis.</p>",44.86 ,100 ,https://m.media-amazon.com/images/I/71pGMkdl+UL._AC_SL1500_.jpg,https://m.media-amazon.com/images/I/71+P7T-e-kL._AC_SL1500_.jpg,https://m.media-amazon.com/images/I/71L+uWDL5aL._AC_SL1500_.jpg,https://m.media-amazon.com/images/I/71E1To+kqxL._AC_SL1500_.jpg,https://m.media-amazon.com/images/I/71ko0w29l2L._AC_SL1500_.jpg,Merkloos,8410900587280,4-8d
