Name,Description,Price,Stock,Merchant product number,GTIN,Image link 1,Image link 2,Image link 3,Image link 4,Image link 5,Category,
"3pcs Leather Repair Gel, Professional Leather Repair Kit for Car Seat, Furniture, Sofa Couch, Jacket, Shoes, Vinyl Repair Kit for Any Leather Surface and Color","<p>The Advanced Leather Repair Gel is here to help repair scratches, tears, cracks, burn holes or rips and make your expensive leather furniture look as good as new!</p>
<p>OurAdvanced Leather Repair Gel is adaptable to any leather surface and color. Repair car seats, office chairs, furniture, bags, jackets and shoes like a pro.</p>
<p>Easily and Quickly Repair holes, tears and scratches on any color leather and vinyl.</p>
<p>On new or old Leatherette, Faux, PU or Premium Car Interior.</p>
<p>HOW TO USE:1. Clean area and apply the repair gel evenly; 2. Let it dry or use a blow dryer; 3. Done</p>",15.12820513,100,K0057-250512-001,0768837203710,,https://cbu01.alicdn.com/img/ibank/O1CN01gbtrHu1d9RWCfAnOo_!!2215657283693-0-cib.jpg,https://cbu01.alicdn.com/img/ibank/O1CN01Q30dQW1d9RhLm6Nfh_!!2215657283693-0-cib.jpg,https://cbu01.alicdn.com/img/ibank/O1CN01xeHchr1d9RWH1LaUu_!!2215657283693-0-cib.jpg,https://cbu01.alicdn.com/img/ibank/O1CN01XKqwh61d9RWKNlcp0_!!2215657283693-0-cib.jpg,"Vehicles & Parts > Vehicle Parts & Accessories > Vehicle Maintenance, Care & Decor > Vehicle Decor > Vehicle Decor Accessory Sets",
"New Premium Car Scratch Removal Kit, Car Scratch Repair Kit, Car Scratch Remover for Deep Scratches, Nano Cleaner for Car","<p>【Deep Scratch Removal】Our premium car scratch removal kit is designed to effectively erase deep scratches fromyour car's surface, restoring it to its original shine and finish. it will never leave any other color on your car's original paint.</p>
<p>【Premium Car Scratch Removal Kit】 Your car will look flawless as Polishing Nanocoating Agent creates a protective ceramic coating that prevents further scratches, wears and tear, and discoloration, and protection from UVA and UVB rays.</p>
<p>【Nano Cleaner】Our car scratch removal kituses a specially formulated nano cleaner that works to remove surface contaminants and debris, providing a clean surface forthe scratch repair process.</p>
<p>【Easy to Use】Our car scratch remover is easy to use and comes with step-by-step instructions, making it accessible toeven those with limited experience in car maintenance. Just clear the scratches area,Then dip a little scratch repair agent with the sponge
and wipe hard at the scratches until the scratch disappears, Finally wash with clean water.</p>
<p>【Professional Results】With our premium car scratch removal kit, youcan achieve professional-quality results without the need for expensive repairs or professional detailing services. Save time and moneyby getting rid of unsightly scratches and blemishes
on your car's surface with ease.</p>",14.73504274,100,K0057-250512-002,0768837203727,,https://cbu01.alicdn.com/img/ibank/O1CN01634gC21d9RdF1Ks7N_!!2215657283693-0-cib.jpg,https://cbu01.alicdn.com/img/ibank/O1CN01OuPVCA1d9Rit2IFui_!!2215657283693-0-cib.jpg,https://cbu01.alicdn.com/img/ibank/O1CN01rmndnE1d9RiuIgfjB_!!2215657283693-0-cib.jpg,https://cbu01.alicdn.com/img/ibank/O1CN01khkGis1d9RitDO1gE_!!2215657283693-0-cib.jpg,"Vehicles & Parts > Vehicle Parts & Accessories > Vehicle Maintenance, Care & Decor > Vehicle Decor > Vehicle Decor Accessory Sets",
"Universal Car Scratch Remover Wax, Car Scratch Remover for Scratches, Scratch Remover for Vehicles, Car Scratch Repair Nano Car Paint Wax","<p>[Universal Scratch Remover] Introducing the ultimate Universal Car Scratch Remover Wax. If your car has light scratches, swirls, or other marks - you can easily fix that with our product! This product has an excellent effect for SLIGHT scratches (deep
scratches need to be matched with polishing machines), but can not repair primers and dents.</p>
<p>[Quick Remove Scratch] Remove all kinds of fine scratches, effectively fill the shallow scratches and will not corrode the car paint layer, Aim at the scratches and rub them over and over until the scratch is gone. remove car scratch paint, Leaves a High
Gloss Surface Scratch Removal Work to fix scratches on the car</p>
<p>[Nano Spray Technology] Harnessing the power of nano technology, this car scratch repair solution penetrates and fills scratches, leaving a smooth and flawless surface.</p>
<p>[Vehicle-Friendly] Our product is safe and effective on a wide range of vehicles, making it the ideal choice for car enthusiasts and owners looking to maintain their car's appearance.</p>
<p>[Easy to Use] 1. Cleaning the surface of the car paint 2. Dip a little scratch repair agent with the sponge and wipe hard at the scratches until the scratch disappears. 3. Finally wash with clean water.</p>",14.26923077,100,K0057-250512-003,0768837203734,,https://cbu01.alicdn.com/img/ibank/O1CN01f421X61d9RafNCU8f_!!2215657283693-0-cib.jpg,https://cbu01.alicdn.com/img/ibank/O1CN01SF4dST1d9Raa6PAQd_!!2215657283693-0-cib.jpg,https://cbu01.alicdn.com/img/ibank/O1CN01FFGKSI1d9Rbpyb9mr_!!2215657283693-0-cib.jpg,https://cbu01.alicdn.com/img/ibank/O1CN010tpNnD1d9RbulkGty_!!2215657283693-0-cib.jpg,"Vehicles & Parts > Vehicle Parts & Accessories > Vehicle Maintenance, Care & Decor > Vehicle Decor > Vehicle Decor Accessory Sets",
100ml Quick Coat Shine armor Purple Coating Car Nano Coating Agent Motorcycle Truck Paint Coating Spray Car,"<p>Our advanced 3 in 1 formula Fortify Quick Coat is an all in one hydrophobic spray. Car wax provides a waterless wash, coat and shine, all in one convenient product, with no streaking, smearing, or scratching the surface of your vehical. </p>
<p>Our Fortify Quick Coat is gentle and effective, and cuts dirt and grease for a luminous finish. This signature 3-in-1 formula gives you a waterless car wash, coat and shine in just one quick and easy step. </p>
<p>Fortify Quick Coat provides a hydrophobic seal that enhances and protects your car’s exterior. Treat your whole car in under 15 minutes, with no residue or streaks left behind. </p>
<p>Our Quick Coat is completely safe for all solid finishes including, paint, glass, chrome and plastic, and it provides a luminous finish and lasting protection.</p>
<p>This Quick Coat is formulated using cutting edge technology to give you the very best, most brilliant shine.</p>",14.27350427,100,K0057-250512-004,0768837203741,,https://cbu01.alicdn.com/img/ibank/O1CN01Q6VmUh1d9RWRuyVRd_!!2215657283693-0-cib.jpg,https://cbu01.alicdn.com/img/ibank/O1CN01xdzzCV1d9RiCONDWK_!!2215657283693-0-cib.jpg,https://cbu01.alicdn.com/img/ibank/O1CN01BI39rB1d9RiBU9n6w_!!2215657283693-0-cib.jpg,https://cbu01.alicdn.com/img/ibank/O1CN01v8JCT41d9RWPL5y36_!!2215657283693-0-cib.jpg,"Vehicles & Parts > Vehicle Parts & Accessories > Vehicle Maintenance, Care & Decor > Vehicle Decor > Vehicle Decor Accessory Sets",
"Multipurpose Foam Cleaner Spray 100ml, Foam Cleaner for car and House Lemon Flavor, All-Purpose Household Cleaners for Car and Kitchen","<p>★【All Around Master Foam Cleaner】 Suitable for car interior, kitchen, house, car seat, car leather etc.</p>
<p>★【High Quality】The foam cleaner is powerful stain removal kit.You just spray the foam and wait a few minutes, then wipe it off.</p>
<p>★【Protect】The ingredients of this Foam Cleaner are surfactant deionized water. Spray gentle foam solution to protect your hand will not be injured.</p>
<p>★【Restore】Bring your car back to that ""like new"" feel. The aroma of lemon can make you full of energy in the car.</p>",13.91452991,100,K0057-250512-005,0768837203758,,https://cbu01.alicdn.com/img/ibank/O1CN01JWndML1QyCLi3RGjQ_!!2214384252044-0-cib.jpg,https://cbu01.alicdn.com/img/ibank/O1CN0101SYaF1d9RhSQ0Dog_!!2215657283693-0-cib.jpg,https://cbu01.alicdn.com/img/ibank/O1CN01Xin5ow1d9RhRnfasK_!!2215657283693-0-cib.jpg,https://cbu01.alicdn.com/img/ibank/O1CN015WMBxu1d9RhRumf5O_!!2215657283693-0-cib.jpg,"Vehicles & Parts > Vehicle Parts & Accessories > Vehicle Maintenance, Care & Decor > Vehicle Decor > Vehicle Decor Accessory Sets",
Car interior repair spray interior leather maintenance spray interior renovation spray cleaning,"<p>Restores Color: Revives faded surfaces for a like-new look.</p>
<p>Quick Drying: Ready to use in minutes.</p>
<p>Versatile: Suitable for leather, vinyl, and plastic interiors.</p>
<p>Easy Application: Spray-on formula for convenient use.</p>",12.12393162,100,K0057-250512-006,0768837203765,,https://cbu01.alicdn.com/img/ibank/O1CN01ghXpI22266x0769GI_!!2200785547070-0-cib.jpg,https://cbu01.alicdn.com/img/ibank/O1CN01gFqjyx2266wRPiEUs_!!2200785547070-0-cib.jpg,https://cbu01.alicdn.com/img/ibank/O1CN01IJXycF2266wUXkG4p_!!2200785547070-0-cib.jpg,https://cbu01.alicdn.com/img/ibank/O1CN01Pny3Bk2266wUXnsdg_!!2200785547070-0-cib.jpg,"Vehicles & Parts > Vehicle Parts & Accessories > Vehicle Maintenance, Care & Decor > Vehicle Decor > Vehicle Decor Accessory Sets",
"100ml Anti Scratch Hydrophobic Polish Nano Coating Agent, Quick Coat Car Wax, Fog Free Anti Scratch, Hydrophobic & High Gloss, 9h Nano Ceramic Coating Long-Lasting Protection","<p>★【9h Ceramic Car Coating】: After Painted With This Ceramic Coating Kit, A Protective Layer Will Be Covered On The Car Body, Protects Your Car From Salt Fog Corrosion, Bird'S Dropping, Uv Light, Scratches, Crushed Stones And Iron Filings, Etc. This Formula
Is Safe To Apply Onto Every Surface Without Worrying About White Residue Or Streaks!</p>
<p>★【Best Car Wax】: Our Quick Coat Is Your All In One Ceramic Coating Hydrophobic Spray. Quick Coat Ceramic Car Wax Provides A Waterless Wash, Coat And Shine, All In One Convenient Product.</p>
<p>★【Anti Scratch Hydrophobic Polish Nano Coating Agent】: Our Product Provides Your Auto A Hydrophobic Coating On The Surface, By The Way, Gets A Waxing Effect, Gives A Cleaning, Shining Car Back To You.It Leaves A Clean Clear Layer Of Anti-Fog Protection
On Your Lens. Use Fog-Free Daily For The Best Results.</p>
<p>★【Cuts Dirt, Grime And Grease】: Our polish nano coating agent Sealant Eliminates Dirt, Grime And Grease Instantly! Our Signature 3-In-1 Formula Gives You A Waterless Car Wash, Coat And Shine For A Clean, Showcase Look.</p>",13.94871795,100,K0057-250512-007,0768837203772,,https://cbu01.alicdn.com/img/ibank/O1CN01X50F771d9RivG1qLo_!!2215657283693-0-cib.jpg,https://cbu01.alicdn.com/img/ibank/O1CN01rEgbrU1d9Rj2Scj9h_!!2215657283693-0-cib.jpg,https://cbu01.alicdn.com/img/ibank/O1CN018b6awx1d9Rj14LIef_!!2215657283693-0-cib.jpg,https://cbu01.alicdn.com/img/ibank/O1CN01k4hbS11d9Rj3IhQqq_!!2215657283693-0-cib.jpg,"Vehicles & Parts > Vehicle Parts & Accessories > Vehicle Maintenance, Care & Decor > Vehicle Decor > Vehicle Decor Accessory Sets",
"Car Scratch Remover, Car Paint Scratch Repair, Deep Scratch Repair Kit for Cars, Ultimate Car Paint Restorer, Paint Scratch Repair Agent with Wipe & Sponge","<p>Superior Shine: This car plating wax delivers a glossy, mirror-like finish that enhances your vehicle's paint and makes it look brand new.</p>
<p>Long-Lasting Protection: The high-quality formula creates a protective barrier against UV rays, rain, dirt, and other environmental factors, keeping your car's exterior pristine for months.</p>
<p>Easy Application: Simply apply a thin layer of the wax using the included applicator pad, let it dry, and buff off for a flawless, showroom-ready shine.</p>
<p>Versatile Use: Suitable for all paint colors and finishes, this wax can be used on cars, trucks, SUVs, and other vehicles.</p>",14.91452991,100,K0057-250512-008,0768837203789,,https://cbu01.alicdn.com/img/ibank/O1CN01g580Dm1QyCKdYjlLM_!!2214384252044-0-cib.jpg,https://cbu01.alicdn.com/img/ibank/O1CN01f6DHpQ2266v7M6w3b_!!2200785547070-0-cib.jpg,https://cbu01.alicdn.com/img/ibank/O1CN01jMD8sw2266vG99CTr_!!2200785547070-0-cib.jpg,https://cbu01.alicdn.com/img/ibank/O1CN01S8dboo2266uy9y7Tp_!!2200785547070-0-cib.jpg,"Vehicles & Parts > Vehicle Parts & Accessories > Vehicle Maintenance, Care & Decor > Vehicle Decor > Vehicle Decor Accessory Sets",
"Dark brown - leather touch up maintenance oil for car seats, leather sofas, leather jackets, leather bags, touch up, refurbishment and care","<p>Leather Color Restorer – Leather Recoloring Balm, made with Color technology, restores leather’s natural color while extending its lifespan. It fills in scratches and works on car seats, sofas, boots, jackets, saddles, bags, and more.</p>
<p>Nourishing formula – Made with high-quality, natural ingredients, our balm restores color while deeply nourishing and conditioning. It helps prevent cracking, peeling, and fading, keeping the material soft and supple.</p>
<p>Easy application – Our balm is designed for effortless use. Simply rub it onto the surface with a cloth or sponge for a quick, hassle-free restoration, even for those with no leather care experience.</p>
<p>Long lasting results – Our balm is formulated to provide durable, long-lasting color restoration that remains vibrant and resistant to wear, reducing the need for frequent reapplications or replacements.</p>
<p>Safe and sustainable ingredients – Our balm is made with eco-conscious, non-toxic ingredients, making it safe for homes with children and pets (though keep out of reach). It restores color while being environmentally responsible.</p>",13.2991453,100,K0057-250512-009,0768837203796,,https://cbu01.alicdn.com/img/ibank/O1CN01RmRrAk1d9RhNGRAMF_!!2215657283693-0-cib.jpg,https://cbu01.alicdn.com/img/ibank/O1CN01uM4oWh1d9RhQCF84n_!!2215657283693-0-cib.jpg,https://cbu01.alicdn.com/img/ibank/O1CN01UxIBed1d9RhNGSdvQ_!!2215657283693-0-cib.jpg,https://cbu01.alicdn.com/img/ibank/O1CN01mL6bfd2CKtxKLC9yt_!!2207252018456-0-cib.jpg,"Vehicles & Parts > Vehicle Parts & Accessories > Vehicle Maintenance, Care & Decor > Vehicle Decor > Vehicle Decor Accessory Sets",
"Scratch care liquid, car paint, scratch removal care, cleaning paint surface, car wax maintenance agent, scratch cloth","<p>Clean and dry the surface</p>
<p>Open the lid and pour an appropriate amount of product onto the wiping cloth</p>
<p>Wipe the scratch with a rag with the product until the scratch disappears</p>
<p>Clean it with a clean towel</p>",12.26495726,100,K0057-250512-010,0768837203802,,https://cbu01.alicdn.com/img/ibank/O1CN01KhjgrS1QyCMVNljm8_!!2214384252044-0-cib.jpg,https://cbu01.alicdn.com/img/ibank/O1CN01vrm4Z01QyCMNjCW5v_!!2214384252044-0-cib.jpg,https://cbu01.alicdn.com/img/ibank/O1CN013ZF5Di1QyCMPgwz00_!!2214384252044-0-cib.jpg,https://cbu01.alicdn.com/img/ibank/O1CN01jM1eYP1QyCMPGt3Qp_!!2214384252044-0-cib.jpg,"Vehicles & Parts > Vehicle Parts & Accessories > Vehicle Maintenance, Care & Decor > Vehicle Decor > Vehicle Decor Accessory Sets",https://cbu01.alicdn.com/img/ibank/O1CN0147DZbM1QyCMTWTfFY_!!2214384252044-0-cib.jpg
